,jd,mag,mag_unc,filter,limmag,programid
0,44243.08879079488,26.618696931292295,0.1,ps1__g,inf,0.0
1,44243.08879079488,24.902581810357063,0.1,ps1__r,inf,0.0
2,44243.08879079488,30.72374731480448,0.1,ps1__i,inf,0.0
3,44243.08879079488,23.71053376566318,0.1,2massh,inf,0.0
4,44243.08879079488,25.676920163870236,0.1,sdssu,inf,0.0
5,44243.08879079488,27.99572642128767,0.1,ps1__z,inf,0.0
6,44243.18879079488,23.89953382004976,0.1,ps1__r,inf,0.0
7,44243.18879079488,25.327701154224506,0.1,ps1__z,inf,0.0
8,44243.18879079488,24.963655119660086,0.1,ps1__g,inf,0.0
9,44243.18879079488,24.547594724788002,0.1,sdssu,inf,0.0
10,44243.18879079488,27.5399824605243,0.1,ps1__i,inf,0.0
11,44243.18879079488,23.300425219155258,0.1,2massh,inf,0.0
12,44243.28879079488,22.81423967569784,0.1,2massh,inf,0.0
13,44243.28879079488,22.805771835247366,0.1,ps1__r,inf,0.0
14,44243.28879079488,23.027415328280156,0.1,ps1__z,inf,0.0
15,44243.28879079488,23.547236071130385,0.1,ps1__g,inf,0.0
16,44243.28879079488,23.664580568440854,0.1,sdssu,inf,0.0
17,44243.28879079488,24.953054116460027,0.1,ps1__i,inf,0.0
18,44243.38879079488,23.633953871631327,0.1,2massh,inf,0.0
19,44243.38879079488,23.973748327525307,0.1,ps1__i,inf,0.0
20,44243.38879079488,22.003016088134327,0.1,ps1__z,inf,0.0
21,44243.38879079488,22.227635340524937,0.1,ps1__r,inf,0.0
22,44243.38879079488,23.081408672607196,0.1,ps1__g,inf,0.0
23,44243.38879079488,23.39598420423976,0.1,sdssu,inf,0.0
24,44243.48879079488,21.50488342714228,0.1,ps1__r,inf,0.0
25,44243.48879079488,23.699844795700567,0.1,ps1__i,inf,0.0
26,44243.48879079488,22.59545169009651,0.1,ps1__g,inf,0.0
27,44243.48879079488,23.337209746347426,0.1,sdssu,inf,0.0
28,44243.48879079488,23.600925327567765,0.1,2massh,inf,0.0
29,44243.48879079488,21.119829353831044,0.1,ps1__z,inf,0.0
30,44243.58879079488,23.247022146879882,0.1,2massh,inf,0.0
31,44243.58879079488,20.799393326070387,0.1,ps1__z,inf,0.0
32,44243.58879079488,23.49338507450864,0.1,ps1__i,inf,0.0
33,44243.58879079488,23.434985561527554,0.1,sdssu,inf,0.0
34,44243.58879079488,21.219361485693653,0.1,ps1__r,inf,0.0
35,44243.58879079488,22.414712731693538,0.1,ps1__g,inf,0.0
36,44243.68879079488,23.025847480368082,0.1,2massh,inf,0.0
37,44243.68879079488,21.093321430572587,0.1,ps1__r,inf,0.0
38,44243.68879079488,22.47233516269971,0.1,ps1__g,inf,0.0
39,44243.68879079488,20.19451866093239,0.1,ps1__z,inf,0.0
40,44243.68879079488,23.151493282558295,0.1,ps1__i,inf,0.0
41,44243.68879079488,23.630668702603682,0.1,sdssu,inf,0.0
42,44243.78879079488,19.897737624116584,0.1,ps1__z,inf,0.0
43,44243.78879079488,22.752488963431304,0.1,2massh,inf,0.0
44,44243.78879079488,20.917659579080897,0.1,ps1__r,inf,0.0
45,44243.78879079488,23.17960835878757,0.1,ps1__i,inf,0.0
46,44243.78879079488,23.775273322918334,0.1,sdssu,inf,0.0
47,44243.78879079488,22.34518155494831,0.1,ps1__g,inf,0.0
48,44243.88879079488,19.650222169016338,0.1,ps1__z,inf,0.0
49,44243.88879079488,22.559286113416626,0.1,2massh,inf,0.0
50,44243.88879079488,20.794998977254895,0.1,ps1__r,inf,0.0
51,44243.88879079488,23.160133854316726,0.1,ps1__i,inf,0.0
52,44243.88879079488,22.23654496582828,0.1,ps1__g,inf,0.0
53,44243.88879079488,24.210454040447583,0.1,sdssu,inf,0.0
54,44243.98879079488,22.24090414882625,0.1,2massh,inf,0.0
55,44243.98879079488,24.249041416655473,0.1,sdssu,inf,0.0
56,44243.98879079488,19.879674213927625,0.1,ps1__z,inf,0.0
57,44243.98879079488,21.048372355258284,0.1,ps1__r,inf,0.0
58,44243.98879079488,22.438379830559956,0.1,ps1__g,inf,0.0
59,44243.98879079488,23.183310299180704,0.1,ps1__i,inf,0.0
60,44244.08879079488,22.34353481028547,0.1,2massh,inf,0.0
61,44244.08879079488,24.563235262809172,0.1,sdssu,inf,0.0
62,44244.08879079488,20.67828397240552,0.1,ps1__r,inf,0.0
63,44244.08879079488,22.507712433728987,0.1,ps1__g,inf,0.0
64,44244.08879079488,19.789312084338565,0.1,ps1__z,inf,0.0
65,44244.08879079488,23.201727235036568,0.1,ps1__i,inf,0.0
66,44244.18879079488,22.69434514647664,0.1,ps1__g,inf,0.0
67,44244.18879079488,24.752386490488988,0.1,sdssu,inf,0.0
68,44244.18879079488,23.013127987727103,0.1,ps1__i,inf,0.0
69,44244.18879079488,22.171750597228964,0.1,2massh,inf,0.0
70,44244.18879079488,20.72931400863059,0.1,ps1__r,inf,0.0
71,44244.18879079488,19.81342854991939,0.1,ps1__z,inf,0.0
72,44244.28879079488,22.968451414884736,0.1,ps1__i,inf,0.0
73,44244.28879079488,20.091928502010315,0.1,ps1__z,inf,0.0
74,44244.28879079488,22.9773180235986,0.1,ps1__g,inf,0.0
75,44244.28879079488,25.113796595718156,0.1,sdssu,inf,0.0
76,44244.28879079488,20.766748174045258,0.1,ps1__r,inf,0.0
77,44244.28879079488,22.334386559608895,0.1,2massh,inf,0.0
78,44244.38879079488,20.229501125351828,0.1,ps1__z,inf,0.0
79,44244.38879079488,23.288575525519295,0.1,ps1__i,inf,0.0
80,44244.38879079488,22.028127430161316,0.1,2massh,inf,0.0
81,44244.38879079488,25.141584237955584,0.1,sdssu,inf,0.0
82,44244.38879079488,20.822258173426526,0.1,ps1__r,inf,0.0
83,44244.38879079488,23.021410414044613,0.1,ps1__g,inf,0.0
84,44244.48879079488,22.241407265622176,0.1,2massh,inf,0.0
85,44244.48879079488,20.945698703112864,0.1,ps1__z,inf,0.0
86,44244.48879079488,25.320016422485843,0.1,sdssu,inf,0.0
87,44244.48879079488,20.912734274387677,0.1,ps1__r,inf,0.0
88,44244.48879079488,23.41505389029897,0.1,ps1__g,inf,0.0
89,44244.48879079488,23.310337769026248,0.1,ps1__i,inf,0.0
90,44244.58879079488,21.05492131845717,0.1,ps1__z,inf,0.0
91,44244.58879079488,25.16451113370688,0.1,sdssu,inf,0.0
92,44244.58879079488,21.21629383832899,0.1,ps1__r,inf,0.0
93,44244.58879079488,22.0592897489475,0.1,2massh,inf,0.0
94,44244.58879079488,23.333592262961798,0.1,ps1__i,inf,0.0
95,44244.58879079488,23.897778693665167,0.1,ps1__g,inf,0.0
96,44244.68879079488,21.29950949604419,0.1,ps1__r,inf,0.0
97,44244.68879079488,21.307285108039586,0.1,ps1__z,inf,0.0
98,44244.68879079488,23.695684645242174,0.1,ps1__i,inf,0.0
99,44244.68879079488,21.988727057884454,0.1,2massh,inf,0.0
100,44244.68879079488,24.181827942322162,0.1,ps1__g,inf,0.0
101,44244.68879079488,25.443270448949583,0.1,sdssu,inf,0.0
102,44244.78879079488,22.020626450158478,0.1,2massh,inf,0.0
103,44244.78879079488,21.61978862068848,0.1,ps1__z,inf,0.0
104,44244.78879079488,23.681808871490247,0.1,ps1__i,inf,0.0
105,44244.78879079488,21.587563236608727,0.1,ps1__r,inf,0.0
106,44244.78879079488,24.63975359816221,0.1,ps1__g,inf,0.0
107,44244.78879079488,25.621920857397264,0.1,sdssu,inf,0.0
108,44244.88879079488,21.772652631363293,0.1,ps1__r,inf,0.0
109,44244.88879079488,24.793843108365746,0.1,ps1__g,inf,0.0
110,44244.88879079488,21.79369943697862,0.1,ps1__z,inf,0.0
111,44244.88879079488,25.70875044520801,0.1,sdssu,inf,0.0
112,44244.88879079488,22.061519857656684,0.1,2massh,inf,0.0
113,44244.88879079488,23.88692815510272,0.1,ps1__i,inf,0.0
114,44244.98879079488,23.874507313472723,0.1,ps1__i,inf,0.0
115,44244.98879079488,25.01973179679953,0.1,ps1__g,inf,0.0
116,44244.98879079488,25.989385544984927,0.1,sdssu,inf,0.0
117,44244.98879079488,21.967151148246494,0.1,ps1__z,inf,0.0
118,44244.98879079488,22.03574705190113,0.1,ps1__r,inf,0.0
119,44244.98879079488,22.141420686359158,0.1,2massh,inf,0.0
120,44245.08879079488,25.54680210484999,0.1,ps1__g,inf,0.0
121,44245.08879079488,22.44949199110305,0.1,ps1__r,inf,0.0
122,44245.08879079488,24.20024612270219,0.1,ps1__i,inf,0.0
123,44245.08879079488,22.177643706141737,0.1,2massh,inf,0.0
124,44245.08879079488,22.044981127931898,0.1,ps1__z,inf,0.0
125,44245.08879079488,26.02116599099553,0.1,sdssu,inf,0.0
126,44245.18879079488,22.08023384570124,0.1,2massh,inf,0.0
127,44245.18879079488,22.214806906485023,0.1,ps1__r,inf,0.0
128,44245.18879079488,22.349711540539015,0.1,ps1__z,inf,0.0
129,44245.18879079488,26.417116655482324,0.1,sdssu,inf,0.0
130,44245.18879079488,25.61557630320817,0.1,ps1__g,inf,0.0
131,44245.18879079488,24.29713555919721,0.1,ps1__i,inf,0.0
132,44245.28879079488,24.20947407586761,0.1,ps1__i,inf,0.0
133,44245.28879079488,22.623261474629196,0.1,ps1__z,inf,0.0
134,44245.28879079488,25.837056896929735,0.1,ps1__g,inf,0.0
135,44245.28879079488,22.659407237234205,0.1,ps1__r,inf,0.0
136,44245.28879079488,22.165108003024166,0.1,2massh,inf,0.0
137,44245.28879079488,26.701249640943576,0.1,sdssu,inf,0.0
138,44245.38879079488,22.402158120772665,0.1,2massh,inf,0.0
139,44245.38879079488,24.441823024771967,0.1,ps1__i,inf,0.0
140,44245.38879079488,22.69432732886947,0.1,ps1__z,inf,0.0
141,44245.38879079488,26.630376902204354,0.1,sdssu,inf,0.0
142,44245.38879079488,25.872257819269826,0.1,ps1__g,inf,0.0
143,44245.38879079488,22.61983216065826,0.1,ps1__r,inf,0.0
144,44245.48879079488,22.906789600820538,0.1,ps1__r,inf,0.0
145,44245.48879079488,22.850248926739834,0.1,ps1__z,inf,0.0
146,44245.48879079488,22.38224834041981,0.1,2massh,inf,0.0
147,44245.48879079488,24.490925280353878,0.1,ps1__i,inf,0.0
148,44245.48879079488,26.131127536632157,0.1,ps1__g,inf,0.0
149,44245.48879079488,26.80539919378006,0.1,sdssu,inf,0.0
150,44245.58879079488,22.276164930876615,0.1,2massh,inf,0.0
151,44245.58879079488,22.773131550664555,0.1,ps1__z,inf,0.0
152,44245.58879079488,24.635277235989317,0.1,ps1__i,inf,0.0
153,44245.58879079488,26.362878175770206,0.1,ps1__g,inf,0.0
154,44245.58879079488,27.174487061164513,0.1,sdssu,inf,0.0
155,44245.58879079488,23.22983812123469,0.1,ps1__r,inf,0.0
156,44245.68879079488,26.372813228260405,0.1,ps1__g,inf,0.0
157,44245.68879079488,27.365862689818268,0.1,sdssu,inf,0.0
158,44245.68879079488,23.293061196922473,0.1,ps1__r,inf,0.0
159,44245.68879079488,22.274384366010224,0.1,2massh,inf,0.0
160,44245.68879079488,24.469607317506235,0.1,ps1__i,inf,0.0
161,44245.68879079488,22.834932551997092,0.1,ps1__z,inf,0.0
162,44245.78879079488,24.699923860084443,0.1,ps1__i,inf,0.0
163,44245.78879079488,23.343827132277106,0.1,ps1__r,inf,0.0
164,44245.78879079488,27.334092125305602,0.1,sdssu,inf,0.0
165,44245.78879079488,26.64450938496944,0.1,ps1__g,inf,0.0
166,44245.78879079488,22.329169232264583,0.1,2massh,inf,0.0
167,44245.78879079488,23.01753918806878,0.1,ps1__z,inf,0.0
168,44245.88879079488,22.414433994522394,0.1,2massh,inf,0.0
169,44245.88879079488,24.84771633045901,0.1,ps1__i,inf,0.0
170,44245.88879079488,26.67098665476472,0.1,ps1__g,inf,0.0
171,44245.88879079488,27.520247359270677,0.1,sdssu,inf,0.0
172,44245.88879079488,23.531161118220094,0.1,ps1__r,inf,0.0
173,44245.88879079488,23.138351147269766,0.1,ps1__z,inf,0.0
174,44245.98879079488,22.276041281325746,0.1,2massh,inf,0.0
175,44245.98879079488,26.830524456707327,0.1,ps1__g,inf,0.0
176,44245.98879079488,23.80936834178571,0.1,ps1__r,inf,0.0
177,44245.98879079488,27.707671181396936,0.1,sdssu,inf,0.0
178,44245.98879079488,23.350911245549177,0.1,ps1__z,inf,0.0
179,44245.98879079488,24.716972531850537,0.1,ps1__i,inf,0.0
180,44246.08879079488,23.81244577191942,0.1,ps1__r,inf,0.0
181,44246.08879079488,23.17923362162717,0.1,ps1__z,inf,0.0
182,44246.08879079488,26.91480762899638,0.1,ps1__g,inf,0.0
183,44246.08879079488,22.37872818948143,0.1,2massh,inf,0.0
184,44246.08879079488,24.877155875854157,0.1,ps1__i,inf,0.0
185,44246.08879079488,27.762756859545533,0.1,sdssu,inf,0.0
186,44246.18879079488,23.60551331540614,0.1,ps1__z,inf,0.0
187,44246.18879079488,27.264399868457136,0.1,ps1__g,inf,0.0
188,44246.18879079488,27.952545705288873,0.1,sdssu,inf,0.0
189,44246.18879079488,24.058608980385053,0.1,ps1__r,inf,0.0
190,44246.18879079488,22.266467420408524,0.1,2massh,inf,0.0
191,44246.18879079488,24.8273578438137,0.1,ps1__i,inf,0.0
192,44246.28879079488,22.505939397796624,0.1,2massh,inf,0.0
193,44246.28879079488,27.193830241621608,0.1,ps1__g,inf,0.0
194,44246.28879079488,24.188352998659678,0.1,ps1__r,inf,0.0
195,44246.28879079488,25.0598348189072,0.1,ps1__i,inf,0.0
196,44246.28879079488,28.09249241704634,0.1,sdssu,inf,0.0
197,44246.28879079488,23.536844169108807,0.1,ps1__z,inf,0.0
198,44246.38879079488,28.258741536582342,0.1,sdssu,inf,0.0
199,44246.38879079488,24.255156996910713,0.1,ps1__r,inf,0.0
200,44246.38879079488,22.572475251151207,0.1,2massh,inf,0.0
201,44246.38879079488,23.601188415732498,0.1,ps1__z,inf,0.0
202,44246.38879079488,25.25771735336815,0.1,ps1__i,inf,0.0
203,44246.38879079488,27.215303651846735,0.1,ps1__g,inf,0.0
204,44246.48879079488,23.636936214312602,0.1,ps1__z,inf,0.0
205,44246.48879079488,27.558950226714412,0.1,ps1__g,inf,0.0
206,44246.48879079488,28.480782269708786,0.1,sdssu,inf,0.0
207,44246.48879079488,24.671741895974975,0.1,ps1__r,inf,0.0
208,44246.48879079488,25.42615130701543,0.1,ps1__i,inf,0.0
209,44246.48879079488,22.498392897800215,0.1,2massh,inf,0.0
210,44246.58879079488,22.739405269303845,0.1,2massh,inf,0.0
211,44246.58879079488,23.679274246778217,0.1,ps1__z,inf,0.0
212,44246.58879079488,24.658217376364544,0.1,ps1__r,inf,0.0
213,44246.58879079488,28.66022899968265,0.1,sdssu,inf,0.0
214,44246.58879079488,25.33673045145279,0.1,ps1__i,inf,0.0
215,44246.58879079488,27.48841926493616,0.1,ps1__g,inf,0.0
216,44246.68879079488,25.554000342593692,0.1,ps1__i,inf,0.0
217,44246.68879079488,24.522637290092977,0.1,ps1__r,inf,0.0
218,44246.68879079488,24.034731810416574,0.1,ps1__z,inf,0.0
219,44246.68879079488,22.489087835293358,0.1,2massh,inf,0.0
220,44246.68879079488,28.952614371808224,0.1,sdssu,inf,0.0
221,44246.68879079488,27.7639752195271,0.1,ps1__g,inf,0.0
222,44246.78879079488,24.05963400779186,0.1,ps1__z,inf,0.0
223,44246.78879079488,28.82840106914573,0.1,sdssu,inf,0.0
224,44246.78879079488,27.667744860397622,0.1,ps1__g,inf,0.0
225,44246.78879079488,24.892993944825502,0.1,ps1__r,inf,0.0
226,44246.78879079488,25.39725152519045,0.1,ps1__i,inf,0.0
227,44246.78879079488,22.499270411591684,0.1,2massh,inf,0.0
228,44246.88879079488,24.025273174489048,0.1,ps1__z,inf,0.0
229,44246.88879079488,24.95736683146153,0.1,ps1__r,inf,0.0
230,44246.88879079488,25.509046310051794,0.1,ps1__i,inf,0.0
231,44246.88879079488,29.15734086376006,0.1,sdssu,inf,0.0
232,44246.88879079488,27.851516280654735,0.1,ps1__g,inf,0.0
233,44246.88879079488,22.70219657948773,0.1,2massh,inf,0.0
234,44246.98879079488,25.698301573808706,0.1,ps1__i,inf,0.0
235,44246.98879079488,24.10181534619424,0.1,ps1__z,inf,0.0
236,44246.98879079488,29.16918682697445,0.1,sdssu,inf,0.0
237,44246.98879079488,28.076639325184114,0.1,ps1__g,inf,0.0
238,44246.98879079488,25.23652020279047,0.1,ps1__r,inf,0.0
239,44246.98879079488,22.82955148144306,0.1,2massh,inf,0.0
240,44247.08879079488,29.319196334958917,0.1,sdssu,inf,0.0
241,44247.08879079488,25.764757682921292,0.1,ps1__i,inf,0.0
242,44247.08879079488,25.185600470610808,0.1,ps1__r,inf,0.0
243,44247.08879079488,28.202624993898016,0.1,ps1__g,inf,0.0
244,44247.08879079488,24.274387073272756,0.1,ps1__z,inf,0.0
245,44247.08879079488,22.926812069177075,0.1,2massh,inf,0.0
246,44247.18879079488,24.560202613435216,0.1,ps1__z,inf,0.0
247,44247.18879079488,22.753554913813154,0.1,2massh,inf,0.0
248,44247.18879079488,29.53600078661269,0.1,sdssu,inf,0.0
249,44247.18879079488,25.75173145923565,0.1,ps1__i,inf,0.0
250,44247.18879079488,28.25698640787974,0.1,ps1__g,inf,0.0
251,44247.18879079488,25.35936194762889,0.1,ps1__r,inf,0.0
252,44247.28879079488,29.503796222205725,0.1,sdssu,inf,0.0
253,44247.28879079488,22.942398412626137,0.1,2massh,inf,0.0
254,44247.28879079488,28.344974947637624,0.1,ps1__g,inf,0.0
255,44247.28879079488,25.508451941795997,0.1,ps1__r,inf,0.0
256,44247.28879079488,25.597522543649053,0.1,ps1__i,inf,0.0
257,44247.28879079488,24.454245949558057,0.1,ps1__z,inf,0.0
258,44247.38879079488,25.853071777362864,0.1,ps1__i,inf,0.0
259,44247.38879079488,29.799082864729193,0.1,sdssu,inf,0.0
260,44247.38879079488,25.65664147927351,0.1,ps1__r,inf,0.0
261,44247.38879079488,24.4164058134737,0.1,ps1__z,inf,0.0
262,44247.38879079488,22.863157870851712,0.1,2massh,inf,0.0
263,44247.38879079488,28.43267604908954,0.1,ps1__g,inf,0.0
264,44247.48879079488,25.79051618103005,0.1,ps1__i,inf,0.0
265,44247.48879079488,24.629365755828182,0.1,ps1__z,inf,0.0
266,44247.48879079488,29.925045059046052,0.1,sdssu,inf,0.0
267,44247.48879079488,25.56601308228399,0.1,ps1__r,inf,0.0
268,44247.48879079488,22.88098152056652,0.1,2massh,inf,0.0
269,44247.48879079488,28.426469898782067,0.1,ps1__g,inf,0.0
270,44247.58879079488,23.02132903231997,0.1,2massh,inf,0.0
271,44247.58879079488,30.088306113377016,0.1,sdssu,inf,0.0
272,44247.58879079488,26.033257698712866,0.1,ps1__i,inf,0.0
273,44247.58879079488,24.710733872120617,0.1,ps1__z,inf,0.0
274,44247.58879079488,28.60243412076447,0.1,ps1__g,inf,0.0
275,44247.58879079488,25.771651194836767,0.1,ps1__r,inf,0.0
276,44247.68879079488,28.720673835552123,0.1,ps1__g,inf,0.0
277,44247.68879079488,30.192185335222245,0.1,sdssu,inf,0.0
278,44247.68879079488,26.073574740812585,0.1,ps1__i,inf,0.0
279,44247.68879079488,24.551033753937393,0.1,ps1__z,inf,0.0
280,44247.68879079488,23.033054604095852,0.1,2massh,inf,0.0
281,44247.68879079488,25.87578853340972,0.1,ps1__r,inf,0.0
282,44247.78879079488,30.53060951927962,0.1,sdssu,inf,0.0
283,44247.78879079488,26.028065506883017,0.1,ps1__i,inf,0.0
284,44247.78879079488,24.899189633023465,0.1,ps1__z,inf,0.0
285,44247.78879079488,28.96675432291157,0.1,ps1__g,inf,0.0
286,44247.78879079488,25.973232921463868,0.1,ps1__r,inf,0.0
287,44247.78879079488,22.849023557387454,0.1,2massh,inf,0.0
288,44247.88879079488,29.005239047096183,0.1,ps1__g,inf,0.0
289,44247.88879079488,26.15010862529085,0.1,ps1__i,inf,0.0
290,44247.88879079488,26.32371236415918,0.1,ps1__r,inf,0.0
291,44247.88879079488,24.96613657675228,0.1,ps1__z,inf,0.0
292,44247.88879079488,23.195929873919113,0.1,2massh,inf,0.0
293,44247.88879079488,30.34902363537902,0.1,sdssu,inf,0.0
294,44247.98879079488,26.16032591197322,0.1,ps1__i,inf,0.0
295,44247.98879079488,23.22570290438281,0.1,2massh,inf,0.0
296,44247.98879079488,28.897017084914218,0.1,ps1__g,inf,0.0
297,44247.98879079488,25.135541265712792,0.1,ps1__z,inf,0.0
298,44247.98879079488,26.286270786255095,0.1,ps1__r,inf,0.0
299,44247.98879079488,30.495860264328872,0.1,sdssu,inf,0.0
300,44248.08879079488,26.305944693924513,0.1,ps1__i,inf,0.0
301,44248.08879079488,30.628276119333695,0.1,sdssu,inf,0.0
302,44248.08879079488,29.2073384776097,0.1,ps1__g,inf,0.0
303,44248.08879079488,23.06127273210791,0.1,2massh,inf,0.0
304,44248.08879079488,26.20129337357051,0.1,ps1__r,inf,0.0
305,44248.08879079488,25.317613157794145,0.1,ps1__z,inf,0.0
306,44248.18879079488,23.196487217071862,0.1,2massh,inf,0.0
307,44248.18879079488,30.77445204221345,0.1,sdssu,inf,0.0
308,44248.18879079488,25.312763333771578,0.1,ps1__z,inf,0.0
309,44248.18879079488,29.256035998018888,0.1,ps1__g,inf,0.0
310,44248.18879079488,26.49568283595176,0.1,ps1__r,inf,0.0
311,44248.18879079488,26.451525077993814,0.1,ps1__i,inf,0.0
312,44248.28879079488,29.29641965026274,0.1,ps1__g,inf,0.0
313,44248.28879079488,30.882030083190774,0.1,sdssu,inf,0.0
314,44248.28879079488,26.296833139508582,0.1,ps1__i,inf,0.0
315,44248.28879079488,23.24100542872055,0.1,2massh,inf,0.0
316,44248.28879079488,26.71070871737278,0.1,ps1__r,inf,0.0
317,44248.28879079488,25.241361965059642,0.1,ps1__z,inf,0.0
318,44248.38879079488,29.502918117600696,0.1,ps1__g,inf,0.0
319,44248.38879079488,26.673343930537257,0.1,ps1__r,inf,0.0
320,44248.38879079488,26.493449587507452,0.1,ps1__i,inf,0.0
321,44248.38879079488,25.227101588589257,0.1,ps1__z,inf,0.0
322,44248.38879079488,31.186241606489812,0.1,sdssu,inf,0.0
323,44248.38879079488,23.251785606952097,0.1,2massh,inf,0.0
324,44248.48879079488,29.643341547665354,0.1,ps1__g,inf,0.0
325,44248.48879079488,26.466745851438642,0.1,ps1__i,inf,0.0
326,44248.48879079488,25.666770734905906,0.1,ps1__z,inf,0.0
327,44248.48879079488,26.51613589933612,0.1,ps1__r,inf,0.0
328,44248.48879079488,31.31002829554725,0.1,sdssu,inf,0.0
329,44248.48879079488,23.205412029943528,0.1,2massh,inf,0.0
330,44248.58879079488,26.519081384456996,0.1,ps1__i,inf,0.0
331,44248.58879079488,23.227565518623955,0.1,2massh,inf,0.0
332,44248.58879079488,26.70370927889184,0.1,ps1__r,inf,0.0
333,44248.58879079488,29.729930091561716,0.1,ps1__g,inf,0.0
334,44248.58879079488,31.220759475971334,0.1,sdssu,inf,0.0
335,44248.58879079488,25.48774458155524,0.1,ps1__z,inf,0.0
336,44248.68879079488,31.317569111278228,0.1,sdssu,inf,0.0
337,44248.68879079488,26.68111423695874,0.1,ps1__i,inf,0.0
338,44248.68879079488,29.634110888023244,0.1,ps1__g,inf,0.0
339,44248.68879079488,23.322971882120925,0.1,2massh,inf,0.0
340,44248.68879079488,26.96438174112887,0.1,ps1__r,inf,0.0
341,44248.68879079488,25.548100217538387,0.1,ps1__z,inf,0.0
342,44248.78879079488,26.681358961910163,0.1,ps1__i,inf,0.0
343,44248.78879079488,31.585516857692824,0.1,sdssu,inf,0.0
344,44248.78879079488,29.76841495970697,0.1,ps1__g,inf,0.0
345,44248.78879079488,23.473623269686342,0.1,2massh,inf,0.0
346,44248.78879079488,26.83354514049057,0.1,ps1__r,inf,0.0
347,44248.78879079488,25.609164276916605,0.1,ps1__z,inf,0.0
348,44248.88879079488,27.043940903459237,0.1,ps1__r,inf,0.0
349,44248.88879079488,25.691015805135482,0.1,ps1__z,inf,0.0
350,44248.88879079488,26.689396394073786,0.1,ps1__i,inf,0.0
351,44248.88879079488,23.449762679128746,0.1,2massh,inf,0.0
352,44248.88879079488,29.93917141239006,0.1,ps1__g,inf,0.0
353,44248.88879079488,31.60381070858558,0.1,sdssu,inf,0.0
354,44248.98879079488,27.156323958352278,0.1,ps1__r,inf,0.0
355,44248.98879079488,30.133873514910615,0.1,ps1__g,inf,0.0
356,44248.98879079488,25.71640183129739,0.1,ps1__z,inf,0.0
357,44248.98879079488,26.62179332984397,0.1,ps1__i,inf,0.0
358,44248.98879079488,31.84542038215419,0.1,sdssu,inf,0.0
359,44248.98879079488,23.397393526369587,0.1,2massh,inf,0.0
360,44249.08879079488,30.04828003782202,0.1,ps1__g,inf,0.0
361,44249.08879079488,25.726052307295245,0.1,ps1__z,inf,0.0
362,44249.08879079488,23.552090443330233,0.1,2massh,inf,0.0
363,44249.08879079488,26.94381191340907,0.1,ps1__i,inf,0.0
364,44249.08879079488,31.948275553047466,0.1,sdssu,inf,0.0
365,44249.08879079488,27.069557847361782,0.1,ps1__r,inf,0.0
366,44249.18879079488,25.780476280668108,0.1,ps1__z,inf,0.0
367,44249.18879079488,23.227541372420532,0.1,2massh,inf,0.0
368,44249.18879079488,26.787257826546963,0.1,ps1__i,inf,0.0
369,44249.18879079488,30.13873358691747,0.1,ps1__g,inf,0.0
370,44249.18879079488,27.22028396646995,0.1,ps1__r,inf,0.0
371,44249.18879079488,31.93352475378593,0.1,sdssu,inf,0.0
372,44249.28879079488,30.115816011476095,0.1,ps1__g,inf,0.0
373,44249.28879079488,26.98856753406715,0.1,ps1__r,inf,0.0
374,44249.28879079488,25.895231419975435,0.1,ps1__z,inf,0.0
375,44249.28879079488,26.763743488860225,0.1,ps1__i,inf,0.0
376,44249.28879079488,32.35169820593841,0.1,sdssu,inf,0.0
377,44249.28879079488,23.66647539306969,0.1,2massh,inf,0.0
378,44249.38879079488,30.18396570282977,0.1,ps1__g,inf,0.0
379,44249.38879079488,27.285909200724408,0.1,ps1__r,inf,0.0
380,44249.38879079488,26.916465168701535,0.1,ps1__i,inf,0.0
381,44249.38879079488,32.485551472897015,0.1,sdssu,inf,0.0
382,44249.38879079488,23.414721615921504,0.1,2massh,inf,0.0
383,44249.38879079488,25.910688201443406,0.1,ps1__z,inf,0.0
384,44249.48879079488,30.45580778412062,0.1,ps1__g,inf,0.0
385,44249.48879079488,27.437117378259913,0.1,ps1__r,inf,0.0
386,44249.48879079488,25.947834217305,0.1,ps1__z,inf,0.0
387,44249.48879079488,23.590458506621133,0.1,2massh,inf,0.0
388,44249.48879079488,32.33689116141886,0.1,sdssu,inf,0.0
389,44249.48879079488,26.90136333227054,0.1,ps1__i,inf,0.0
390,44249.58879079488,26.078178112243492,0.1,ps1__z,inf,0.0
391,44249.58879079488,30.577076931900777,0.1,ps1__g,inf,0.0
392,44249.58879079488,23.55367058377889,0.1,2massh,inf,0.0
393,44249.58879079488,32.45259688055035,0.1,sdssu,inf,0.0
394,44249.58879079488,26.918135183215764,0.1,ps1__i,inf,0.0
395,44249.58879079488,27.398705838940117,0.1,ps1__r,inf,0.0
396,44249.68879079488,26.092068127009448,0.1,ps1__z,inf,0.0
397,44249.68879079488,23.5719612805904,0.1,2massh,inf,0.0
398,44249.68879079488,27.76439504750734,0.1,ps1__r,inf,0.0
399,44249.68879079488,32.63140302815227,0.1,sdssu,inf,0.0
400,44249.68879079488,27.044290257423672,0.1,ps1__i,inf,0.0
401,44249.68879079488,30.518138697887018,0.1,ps1__g,inf,0.0
402,44249.78879079488,30.728839571473603,0.1,ps1__g,inf,0.0
403,44249.78879079488,27.134472428547515,0.1,ps1__i,inf,0.0
404,44249.78879079488,26.319333807800735,0.1,ps1__z,inf,0.0
405,44249.78879079488,32.76599294120146,0.1,sdssu,inf,0.0
406,44249.78879079488,23.848908283307594,0.1,2massh,inf,0.0
407,44249.78879079488,27.529745106494325,0.1,ps1__r,inf,0.0
408,44249.88879079488,25.95210664314904,0.1,ps1__z,inf,0.0
409,44249.88879079488,30.739409776995764,0.1,ps1__g,inf,0.0
410,44249.88879079488,23.72150333419317,0.1,2massh,inf,0.0
411,44249.88879079488,27.699877630501827,0.1,ps1__r,inf,0.0
412,44249.88879079488,27.05196557278548,0.1,ps1__i,inf,0.0
413,44249.88879079488,32.9191882957064,0.1,sdssu,inf,0.0
414,44249.98879079488,27.844636175747308,0.1,ps1__r,inf,0.0
415,44249.98879079488,30.705697519207497,0.1,ps1__g,inf,0.0
416,44249.98879079488,26.372399606459016,0.1,ps1__z,inf,0.0
417,44249.98879079488,23.843843989248267,0.1,2massh,inf,0.0
418,44249.98879079488,27.070702051167324,0.1,ps1__i,inf,0.0
419,44249.98879079488,33.15695083397569,0.1,sdssu,inf,0.0
420,44250.08879079488,33.04839042679056,0.1,sdssu,inf,0.0
421,44250.08879079488,30.91654288197483,0.1,ps1__g,inf,0.0
422,44250.08879079488,23.841999067617834,0.1,2massh,inf,0.0
423,44250.08879079488,26.436139770733092,0.1,ps1__z,inf,0.0
424,44250.08879079488,28.040415550076837,0.1,ps1__r,inf,0.0
425,44250.08879079488,27.18280371476365,0.1,ps1__i,inf,0.0
426,44250.18879079488,33.1023520372022,0.1,sdssu,inf,0.0
427,44250.18879079488,26.153167280495314,0.1,ps1__z,inf,0.0
428,44250.18879079488,27.023846943545863,0.1,ps1__i,inf,0.0
429,44250.18879079488,23.92983935227955,0.1,2massh,inf,0.0
430,44250.18879079488,31.135124674909264,0.1,ps1__g,inf,0.0
431,44250.18879079488,27.802299457196288,0.1,ps1__r,inf,0.0
432,44250.28879079488,33.15566586874251,0.1,sdssu,inf,0.0
433,44250.28879079488,31.066080260408476,0.1,ps1__g,inf,0.0
434,44250.28879079488,28.107586056365356,0.1,ps1__r,inf,0.0
435,44250.28879079488,27.136041822227515,0.1,ps1__i,inf,0.0
436,44250.28879079488,23.92485751353477,0.1,2massh,inf,0.0
437,44250.28879079488,26.379880954607614,0.1,ps1__z,inf,0.0
438,44250.38879079488,27.446047115199384,0.1,ps1__i,inf,0.0
439,44250.38879079488,33.31858310355883,0.1,sdssu,inf,0.0
440,44250.38879079488,26.43593234096988,0.1,ps1__z,inf,0.0
441,44250.38879079488,28.064464426142564,0.1,ps1__r,inf,0.0
442,44250.38879079488,31.277561423746643,0.1,ps1__g,inf,0.0
443,44250.38879079488,23.822636246114218,0.1,2massh,inf,0.0
444,44250.48879079488,27.567852560175925,0.1,ps1__i,inf,0.0
445,44250.48879079488,26.387719917067024,0.1,ps1__z,inf,0.0
446,44250.48879079488,30.94297493927579,0.1,ps1__g,inf,0.0
447,44250.48879079488,28.03552306834748,0.1,ps1__r,inf,0.0
448,44250.48879079488,24.08466637607613,0.1,2massh,inf,0.0
449,44250.48879079488,33.491666474124486,0.1,sdssu,inf,0.0
450,44250.58879079488,26.482697569160276,0.1,ps1__z,inf,0.0
451,44250.58879079488,27.354295062101126,0.1,ps1__i,inf,0.0
452,44250.58879079488,31.33210128567383,0.1,ps1__g,inf,0.0
453,44250.58879079488,33.77058063908175,0.1,sdssu,inf,0.0
454,44250.58879079488,28.253806197239474,0.1,ps1__r,inf,0.0
455,44250.58879079488,23.97183303102001,0.1,2massh,inf,0.0
456,44250.68879079488,28.299774487393638,0.1,ps1__r,inf,0.0
457,44250.68879079488,27.45403275342002,0.1,ps1__i,inf,0.0
458,44250.68879079488,33.653124169392825,0.1,sdssu,inf,0.0
459,44250.68879079488,26.482278467865708,0.1,ps1__z,inf,0.0
460,44250.68879079488,23.899255796958954,0.1,2massh,inf,0.0
461,44250.68879079488,31.34930455936871,0.1,ps1__g,inf,0.0
462,44250.78879079488,24.05347947467179,0.1,2massh,inf,0.0
463,44250.78879079488,28.276313775113042,0.1,ps1__r,inf,0.0
464,44250.78879079488,31.3666924934369,0.1,ps1__g,inf,0.0
465,44250.78879079488,27.447863746160305,0.1,ps1__i,inf,0.0
466,44250.78879079488,26.812523309088014,0.1,ps1__z,inf,0.0
467,44250.78879079488,33.80598583944157,0.1,sdssu,inf,0.0
468,44250.88879079488,24.282597253306534,0.1,2massh,inf,0.0
469,44250.88879079488,27.788217025043686,0.1,ps1__i,inf,0.0
470,44250.88879079488,26.775556510912285,0.1,ps1__z,inf,0.0
471,44250.88879079488,33.879601282946524,0.1,sdssu,inf,0.0
472,44250.88879079488,31.525549186617422,0.1,ps1__g,inf,0.0
473,44250.88879079488,28.38460032283114,0.1,ps1__r,inf,0.0
474,44250.98879079488,28.430898302601356,0.1,ps1__r,inf,0.0
475,44250.98879079488,34.06583692054983,0.1,sdssu,inf,0.0
476,44250.98879079488,24.25805699329922,0.1,2massh,inf,0.0
477,44250.98879079488,26.854079094098843,0.1,ps1__z,inf,0.0
478,44250.98879079488,31.39109073257109,0.1,ps1__g,inf,0.0
479,44250.98879079488,27.604148855739886,0.1,ps1__i,inf,0.0
480,44251.08879079488,26.84413928490973,0.1,ps1__z,inf,0.0
481,44251.08879079488,34.28714563267425,0.1,sdssu,inf,0.0
482,44251.08879079488,28.54714216387634,0.1,ps1__r,inf,0.0
483,44251.08879079488,31.712395794250803,0.1,ps1__g,inf,0.0
484,44251.08879079488,24.179107794555115,0.1,2massh,inf,0.0
485,44251.08879079488,27.516684722176212,0.1,ps1__i,inf,0.0
486,44251.18879079488,34.05755151456859,0.1,sdssu,inf,0.0
487,44251.18879079488,31.814057084148892,0.1,ps1__g,inf,0.0
488,44251.18879079488,24.222211385959067,0.1,2massh,inf,0.0
489,44251.18879079488,26.704823949368436,0.1,ps1__z,inf,0.0
490,44251.18879079488,28.642344543814637,0.1,ps1__r,inf,0.0
491,44251.18879079488,27.42199399524283,0.1,ps1__i,inf,0.0
492,44251.28879079488,28.768269108997064,0.1,ps1__r,inf,0.0
493,44251.28879079488,34.15931083529911,0.1,sdssu,inf,0.0
494,44251.28879079488,24.267805174572068,0.1,2massh,inf,0.0
495,44251.28879079488,27.383275406772047,0.1,ps1__i,inf,0.0
496,44251.28879079488,26.81260771535611,0.1,ps1__z,inf,0.0
497,44251.28879079488,31.991739459813928,0.1,ps1__g,inf,0.0
498,44251.38879079488,24.54451834648904,0.1,2massh,inf,0.0
499,44251.38879079488,28.544130210103397,0.1,ps1__r,inf,0.0
500,44251.38879079488,34.393044542224956,0.1,sdssu,inf,0.0
501,44251.38879079488,26.95793929746779,0.1,ps1__z,inf,0.0
502,44251.38879079488,27.62946454895063,0.1,ps1__i,inf,0.0
503,44251.38879079488,31.858053778512776,0.1,ps1__g,inf,0.0
504,44251.48879079488,28.94911190167271,0.1,ps1__r,inf,0.0
505,44251.48879079488,34.44764753401089,0.1,sdssu,inf,0.0
506,44251.48879079488,24.408678569941355,0.1,2massh,inf,0.0
507,44251.48879079488,27.629444049513626,0.1,ps1__i,inf,0.0
508,44251.48879079488,26.83056181919166,0.1,ps1__z,inf,0.0
509,44251.48879079488,31.88789544473403,0.1,ps1__g,inf,0.0
510,44251.58879079488,31.972341767871594,0.1,ps1__g,inf,0.0
511,44251.58879079488,34.650654448455825,0.1,sdssu,inf,0.0
512,44251.58879079488,28.61049311639073,0.1,ps1__r,inf,0.0
513,44251.58879079488,27.060823887175292,0.1,ps1__z,inf,0.0
514,44251.58879079488,27.584083030283256,0.1,ps1__i,inf,0.0
515,44251.58879079488,24.45240371552304,0.1,2massh,inf,0.0
516,44251.68879079488,24.555363683362085,0.1,2massh,inf,0.0
517,44251.68879079488,34.60218440824978,0.1,sdssu,inf,0.0
518,44251.68879079488,26.996675903317822,0.1,ps1__z,inf,0.0
519,44251.68879079488,32.18765573075457,0.1,ps1__g,inf,0.0
520,44251.68879079488,28.858672487810413,0.1,ps1__r,inf,0.0
521,44251.68879079488,27.709347644538536,0.1,ps1__i,inf,0.0
522,44251.78879079488,32.19844570148452,0.1,ps1__g,inf,0.0
523,44251.78879079488,34.58052828902455,0.1,sdssu,inf,0.0
524,44251.78879079488,27.720378959898,0.1,ps1__i,inf,0.0
525,44251.78879079488,24.51437596779505,0.1,2massh,inf,0.0
526,44251.78879079488,27.01672927044118,0.1,ps1__z,inf,0.0
527,44251.78879079488,28.99333400490181,0.1,ps1__r,inf,0.0
528,44251.88879079488,32.17629952355936,0.1,ps1__g,inf,0.0
529,44251.88879079488,34.74154749597499,0.1,sdssu,inf,0.0
530,44251.88879079488,29.01697336187893,0.1,ps1__r,inf,0.0
531,44251.88879079488,24.497521152488886,0.1,2massh,inf,0.0
532,44251.88879079488,27.974546623357238,0.1,ps1__i,inf,0.0
533,44251.88879079488,27.161854362358255,0.1,ps1__z,inf,0.0
534,44251.98879079488,27.890017160588044,0.1,ps1__i,inf,0.0
535,44251.98879079488,28.9824343455683,0.1,ps1__r,inf,0.0
536,44251.98879079488,34.86397617950145,0.1,sdssu,inf,0.0
537,44251.98879079488,24.53794839358111,0.1,2massh,inf,0.0
538,44251.98879079488,27.16715922872148,0.1,ps1__z,inf,0.0
539,44251.98879079488,32.35945213285298,0.1,ps1__g,inf,0.0
540,44252.08879079488,34.92481219938999,0.1,sdssu,inf,0.0
541,44252.08879079488,24.586692551240855,0.1,2massh,inf,0.0
542,44252.08879079488,32.38603992168151,0.1,ps1__g,inf,0.0
543,44252.08879079488,29.075131630172013,0.1,ps1__r,inf,0.0
544,44252.08879079488,27.834609545606533,0.1,ps1__i,inf,0.0
545,44252.08879079488,27.1096489894635,0.1,ps1__z,inf,0.0
546,44252.18879079488,32.55935380382273,0.1,ps1__g,inf,0.0
547,44252.18879079488,27.28934891799546,0.1,ps1__z,inf,0.0
548,44252.18879079488,24.62681163797648,0.1,2massh,inf,0.0
549,44252.18879079488,29.081397560498793,0.1,ps1__r,inf,0.0
550,44252.18879079488,35.00123061324813,0.1,sdssu,inf,0.0
551,44252.18879079488,28.016904584869604,0.1,ps1__i,inf,0.0
552,44252.28879079488,29.126869400209586,0.1,ps1__r,inf,0.0
553,44252.28879079488,35.129517363837365,0.1,sdssu,inf,0.0
554,44252.28879079488,24.74115593194528,0.1,2massh,inf,0.0
555,44252.28879079488,27.901115816716256,0.1,ps1__i,inf,0.0
556,44252.28879079488,32.45630249151104,0.1,ps1__g,inf,0.0
557,44252.28879079488,27.105875567114953,0.1,ps1__z,inf,0.0
558,44252.38879079488,29.319059388387068,0.1,ps1__r,inf,0.0
559,44252.38879079488,24.71169348720372,0.1,2massh,inf,0.0
560,44252.38879079488,27.895807319993867,0.1,ps1__i,inf,0.0
561,44252.38879079488,32.59872158244566,0.1,ps1__g,inf,0.0
562,44252.38879079488,35.2378427886549,0.1,sdssu,inf,0.0
563,44252.38879079488,27.316740137924185,0.1,ps1__z,inf,0.0
564,44252.48879079488,28.05789003648979,0.1,ps1__i,inf,0.0
565,44252.48879079488,29.30579782911463,0.1,ps1__r,inf,0.0
566,44252.48879079488,24.819266395328082,0.1,2massh,inf,0.0
567,44252.48879079488,32.678395620695106,0.1,ps1__g,inf,0.0
568,44252.48879079488,35.29697017473032,0.1,sdssu,inf,0.0
569,44252.48879079488,27.359201169957363,0.1,ps1__z,inf,0.0
570,44252.58879079488,27.314943427005584,0.1,ps1__z,inf,0.0
571,44252.58879079488,28.060655196612352,0.1,ps1__i,inf,0.0
572,44252.58879079488,35.28426479124436,0.1,sdssu,inf,0.0
573,44252.58879079488,32.718866699378594,0.1,ps1__g,inf,0.0
574,44252.58879079488,24.777348037193125,0.1,2massh,inf,0.0
575,44252.58879079488,29.225044979610484,0.1,ps1__r,inf,0.0
576,44252.68879079488,24.830690034875886,0.1,2massh,inf,0.0
577,44252.68879079488,35.25577878081513,0.1,sdssu,inf,0.0
578,44252.68879079488,27.91602530287058,0.1,ps1__i,inf,0.0
579,44252.68879079488,29.45942460282376,0.1,ps1__r,inf,0.0
580,44252.68879079488,32.85530302272393,0.1,ps1__g,inf,0.0
581,44252.68879079488,27.41215320382951,0.1,ps1__z,inf,0.0
582,44252.78879079488,35.374446507312676,0.1,sdssu,inf,0.0
583,44252.78879079488,27.291305918962443,0.1,ps1__z,inf,0.0
584,44252.78879079488,24.660413268031352,0.1,2massh,inf,0.0
585,44252.78879079488,29.437723312583707,0.1,ps1__r,inf,0.0
586,44252.78879079488,28.06569689535158,0.1,ps1__i,inf,0.0
587,44252.78879079488,32.93615289546943,0.1,ps1__g,inf,0.0
588,44252.88879079488,29.547188122509052,0.1,ps1__r,inf,0.0
589,44252.88879079488,27.961432266335592,0.1,ps1__i,inf,0.0
590,44252.88879079488,32.9849134512415,0.1,ps1__g,inf,0.0
591,44252.88879079488,27.538235533911845,0.1,ps1__z,inf,0.0
592,44252.88879079488,24.984043298228343,0.1,2massh,inf,0.0
593,44252.88879079488,35.51942606749704,0.1,sdssu,inf,0.0
594,44252.98879079488,29.553953659508103,0.1,ps1__r,inf,0.0
595,44252.98879079488,27.458520385779046,0.1,ps1__z,inf,0.0
596,44252.98879079488,27.971154161955937,0.1,ps1__i,inf,0.0
597,44252.98879079488,33.093181166196814,0.1,ps1__g,inf,0.0
598,44252.98879079488,35.4110991112759,0.1,sdssu,inf,0.0
599,44252.98879079488,24.958855717669312,0.1,2massh,inf,0.0
600,44253.08879079488,27.45141012247654,0.1,ps1__z,inf,0.0
601,44253.08879079488,25.06958496453887,0.1,2massh,inf,0.0
602,44253.08879079488,33.0485615432512,0.1,ps1__g,inf,0.0
603,44253.08879079488,28.211330282594904,0.1,ps1__i,inf,0.0
604,44253.08879079488,35.59032211546866,0.1,sdssu,inf,0.0
605,44253.08879079488,29.455900232512818,0.1,ps1__r,inf,0.0
606,44253.18879079488,24.728696625151493,0.1,2massh,inf,0.0
607,44253.18879079488,33.20710293597501,0.1,ps1__g,inf,0.0
608,44253.18879079488,28.30483630104317,0.1,ps1__i,inf,0.0
609,44253.18879079488,35.62230901132823,0.1,sdssu,inf,0.0
610,44253.18879079488,29.527271891763096,0.1,ps1__r,inf,0.0
611,44253.18879079488,27.636489193593142,0.1,ps1__z,inf,0.0
612,44253.28879079488,33.25376087385521,0.1,ps1__g,inf,0.0
613,44253.28879079488,25.269606161104686,0.1,2massh,inf,0.0
614,44253.28879079488,27.495038806260396,0.1,ps1__z,inf,0.0
615,44253.28879079488,29.697780257168805,0.1,ps1__r,inf,0.0
616,44253.28879079488,27.980834864975144,0.1,ps1__i,inf,0.0
617,44253.28879079488,35.71636641458288,0.1,sdssu,inf,0.0
618,44253.38879079488,29.723071666608295,0.1,ps1__r,inf,0.0
619,44253.38879079488,33.25125789681947,0.1,ps1__g,inf,0.0
620,44253.38879079488,25.086817887878464,0.1,2massh,inf,0.0
621,44253.38879079488,35.88739441186951,0.1,sdssu,inf,0.0
622,44253.38879079488,28.216397119359282,0.1,ps1__i,inf,0.0
623,44253.38879079488,27.46063156512712,0.1,ps1__z,inf,0.0
624,44253.48879079488,35.83113367882048,0.1,sdssu,inf,0.0
625,44253.48879079488,25.25142612167485,0.1,2massh,inf,0.0
626,44253.48879079488,33.39864359143008,0.1,ps1__g,inf,0.0
627,44253.48879079488,29.70717119528182,0.1,ps1__r,inf,0.0
628,44253.48879079488,27.480917483411307,0.1,ps1__z,inf,0.0
629,44253.48879079488,28.118502470897234,0.1,ps1__i,inf,0.0
630,44253.58879079488,29.744589117591282,0.1,ps1__r,inf,0.0
631,44253.58879079488,35.88171850546003,0.1,sdssu,inf,0.0
632,44253.58879079488,33.60032272126949,0.1,ps1__g,inf,0.0
633,44253.58879079488,25.076332639129063,0.1,2massh,inf,0.0
634,44253.58879079488,28.199070106788362,0.1,ps1__i,inf,0.0
635,44253.58879079488,27.732529182894666,0.1,ps1__z,inf,0.0
636,44253.68879079488,35.79729286911573,0.1,sdssu,inf,0.0
637,44253.68879079488,25.279262169519846,0.1,2massh,inf,0.0
638,44253.68879079488,29.889334905337872,0.1,ps1__r,inf,0.0
639,44253.68879079488,28.218574230008667,0.1,ps1__i,inf,0.0
640,44253.68879079488,27.574647472993114,0.1,ps1__z,inf,0.0
641,44253.68879079488,33.84056244376774,0.1,ps1__g,inf,0.0
642,44253.78879079488,28.20638022586159,0.1,ps1__i,inf,0.0
643,44253.78879079488,27.905495138240006,0.1,ps1__z,inf,0.0
644,44253.78879079488,33.72632564874823,0.1,ps1__g,inf,0.0
645,44253.78879079488,29.73659317150338,0.1,ps1__r,inf,0.0
646,44253.78879079488,36.05759683866141,0.1,sdssu,inf,0.0
647,44253.78879079488,25.148219220227805,0.1,2massh,inf,0.0
648,44253.88879079488,33.81062303228377,0.1,ps1__g,inf,0.0
649,44253.88879079488,27.55118031842936,0.1,ps1__z,inf,0.0
650,44253.88879079488,25.225607692349904,0.1,2massh,inf,0.0
651,44253.88879079488,36.11880398705342,0.1,sdssu,inf,0.0
652,44253.88879079488,28.34583089178325,0.1,ps1__i,inf,0.0
653,44253.88879079488,29.87973599334504,0.1,ps1__r,inf,0.0
654,44253.98879079488,25.511987909281018,0.1,2massh,inf,0.0
655,44253.98879079488,29.854937657222905,0.1,ps1__r,inf,0.0
656,44253.98879079488,36.35072469422901,0.1,sdssu,inf,0.0
657,44253.98879079488,27.958526730921207,0.1,ps1__z,inf,0.0
658,44253.98879079488,28.258229659920293,0.1,ps1__i,inf,0.0
659,44253.98879079488,33.80176502643682,0.1,ps1__g,inf,0.0
660,44254.08879079488,25.332976537790795,0.1,2massh,inf,0.0
661,44254.08879079488,29.882621070958304,0.1,ps1__r,inf,0.0
662,44254.08879079488,28.404020186207788,0.1,ps1__i,inf,0.0
663,44254.08879079488,33.67423065638378,0.1,ps1__g,inf,0.0
664,44254.08879079488,36.165606234909056,0.1,sdssu,inf,0.0
665,44254.08879079488,27.841130838581584,0.1,ps1__z,inf,0.0
666,44254.18879079488,33.904166869117155,0.1,ps1__g,inf,0.0
667,44254.18879079488,30.078551760867498,0.1,ps1__r,inf,0.0
668,44254.18879079488,36.22138875296516,0.1,sdssu,inf,0.0
669,44254.18879079488,25.402289780963642,0.1,2massh,inf,0.0
670,44254.18879079488,28.339483393887093,0.1,ps1__i,inf,0.0
671,44254.18879079488,27.841830382217804,0.1,ps1__z,inf,0.0
672,44254.28879079488,28.40375945529653,0.1,ps1__i,inf,0.0
673,44254.28879079488,33.987564986104196,0.1,ps1__g,inf,0.0
674,44254.28879079488,36.297531443087145,0.1,sdssu,inf,0.0
675,44254.28879079488,27.8278542170493,0.1,ps1__z,inf,0.0
676,44254.28879079488,30.087358406680714,0.1,ps1__r,inf,0.0
677,44254.28879079488,25.497349966044386,0.1,2massh,inf,0.0
678,44254.38879079488,27.950160538979567,0.1,ps1__z,inf,0.0
679,44254.38879079488,25.49606620514439,0.1,2massh,inf,0.0
680,44254.38879079488,30.14107780683145,0.1,ps1__r,inf,0.0
681,44254.38879079488,36.464182518723305,0.1,sdssu,inf,0.0
682,44254.38879079488,34.2140365803484,0.1,ps1__g,inf,0.0
683,44254.38879079488,28.250887088536306,0.1,ps1__i,inf,0.0
684,44254.48879079488,27.93621930811192,0.1,ps1__z,inf,0.0
685,44254.48879079488,34.03682095234973,0.1,ps1__g,inf,0.0
686,44254.48879079488,28.369763165079114,0.1,ps1__i,inf,0.0
687,44254.48879079488,36.398078171935516,0.1,sdssu,inf,0.0
688,44254.48879079488,30.244008453373507,0.1,ps1__r,inf,0.0
689,44254.48879079488,25.497989616029724,0.1,2massh,inf,0.0
690,44254.58879079488,36.439785645394295,0.1,sdssu,inf,0.0
691,44254.58879079488,28.50050328948782,0.1,ps1__i,inf,0.0
692,44254.58879079488,28.09177870167423,0.1,ps1__z,inf,0.0
693,44254.58879079488,30.158571245014983,0.1,ps1__r,inf,0.0
694,44254.58879079488,25.56049517832193,0.1,2massh,inf,0.0
695,44254.58879079488,34.15361872158514,0.1,ps1__g,inf,0.0
696,44254.68879079488,34.23779904463542,0.1,ps1__g,inf,0.0
697,44254.68879079488,28.038027653698393,0.1,ps1__z,inf,0.0
698,44254.68879079488,30.24873053146785,0.1,ps1__r,inf,0.0
699,44254.68879079488,28.547760599842135,0.1,ps1__i,inf,0.0
700,44254.68879079488,36.53532616731672,0.1,sdssu,inf,0.0
701,44254.68879079488,25.805391989159073,0.1,2massh,inf,0.0
702,44254.78879079488,28.36488588485732,0.1,ps1__i,inf,0.0
703,44254.78879079488,36.52546833827252,0.1,sdssu,inf,0.0
704,44254.78879079488,28.069496541283474,0.1,ps1__z,inf,0.0
705,44254.78879079488,34.09440519340168,0.1,ps1__g,inf,0.0
706,44254.78879079488,25.598581765940278,0.1,2massh,inf,0.0
707,44254.78879079488,30.17836344748923,0.1,ps1__r,inf,0.0
708,44254.88879079488,28.508049910993947,0.1,ps1__i,inf,0.0
709,44254.88879079488,36.53063794903006,0.1,sdssu,inf,0.0
710,44254.88879079488,25.66295853541732,0.1,2massh,inf,0.0
711,44254.88879079488,30.250050378606566,0.1,ps1__r,inf,0.0
712,44254.88879079488,34.43058730751047,0.1,ps1__g,inf,0.0
713,44254.88879079488,28.046469653357846,0.1,ps1__z,inf,0.0
714,44254.98879079488,25.77416042830556,0.1,2massh,inf,0.0
715,44254.98879079488,36.62683211286285,0.1,sdssu,inf,0.0
716,44254.98879079488,28.10460205335128,0.1,ps1__z,inf,0.0
717,44254.98879079488,34.38748826449855,0.1,ps1__g,inf,0.0
718,44254.98879079488,28.613086683757757,0.1,ps1__i,inf,0.0
719,44254.98879079488,30.257219876019754,0.1,ps1__r,inf,0.0
720,44255.08879079488,34.45027652068886,0.1,ps1__g,inf,0.0
721,44255.08879079488,25.8029997464501,0.1,2massh,inf,0.0
722,44255.08879079488,28.1683442288881,0.1,ps1__z,inf,0.0
723,44255.08879079488,36.76779069577936,0.1,sdssu,inf,0.0
724,44255.08879079488,28.410917509987442,0.1,ps1__i,inf,0.0
725,44255.08879079488,30.32716408128902,0.1,ps1__r,inf,0.0
726,44255.18879079488,36.602764237005054,0.1,sdssu,inf,0.0
727,44255.18879079488,28.654064561657062,0.1,ps1__i,inf,0.0
728,44255.18879079488,27.98958611120723,0.1,ps1__z,inf,0.0
729,44255.18879079488,25.84554930542758,0.1,2massh,inf,0.0
730,44255.18879079488,30.418088951282645,0.1,ps1__r,inf,0.0
731,44255.18879079488,34.31875819205084,0.1,ps1__g,inf,0.0
732,44255.28879079488,25.829197038491372,0.1,2massh,inf,0.0
733,44255.28879079488,34.64886330846642,0.1,ps1__g,inf,0.0
734,44255.28879079488,30.29571467317715,0.1,ps1__r,inf,0.0
735,44255.28879079488,28.049437715903014,0.1,ps1__z,inf,0.0
736,44255.28879079488,36.80146185911335,0.1,sdssu,inf,0.0
737,44255.28879079488,28.657556362993464,0.1,ps1__i,inf,0.0
738,44255.38879079488,28.848052147271,0.1,ps1__i,inf,0.0
739,44255.38879079488,25.686041747743786,0.1,2massh,inf,0.0
740,44255.38879079488,34.44665505391703,0.1,ps1__g,inf,0.0
741,44255.38879079488,36.75211630346496,0.1,sdssu,inf,0.0
742,44255.38879079488,28.28543968843501,0.1,ps1__z,inf,0.0
743,44255.38879079488,30.63015288506442,0.1,ps1__r,inf,0.0
744,44255.48879079488,34.70097803620938,0.1,ps1__g,inf,0.0
745,44255.48879079488,25.996621489009758,0.1,2massh,inf,0.0
746,44255.48879079488,30.356190360786528,0.1,ps1__r,inf,0.0
747,44255.48879079488,28.72636663011037,0.1,ps1__i,inf,0.0
748,44255.48879079488,28.257603914525173,0.1,ps1__z,inf,0.0
749,44255.48879079488,36.96916427845027,0.1,sdssu,inf,0.0
750,44255.58879079488,25.74946538585595,0.1,2massh,inf,0.0
751,44255.58879079488,30.371415740461334,0.1,ps1__r,inf,0.0
752,44255.58879079488,36.73139510428065,0.1,sdssu,inf,0.0
753,44255.58879079488,28.25322608724955,0.1,ps1__z,inf,0.0
754,44255.58879079488,28.597607900992397,0.1,ps1__i,inf,0.0
755,44255.58879079488,34.9378295947787,0.1,ps1__g,inf,0.0
756,44255.68879079488,34.742470743113586,0.1,ps1__g,inf,0.0
757,44255.68879079488,25.923196038017284,0.1,2massh,inf,0.0
758,44255.68879079488,36.856763121541626,0.1,sdssu,inf,0.0
759,44255.68879079488,28.30545117404314,0.1,ps1__z,inf,0.0
760,44255.68879079488,30.652389967579612,0.1,ps1__r,inf,0.0
761,44255.68879079488,28.618277798455292,0.1,ps1__i,inf,0.0
762,44255.78879079488,28.838176740145343,0.1,ps1__i,inf,0.0
763,44255.78879079488,36.98546437018625,0.1,sdssu,inf,0.0
764,44255.78879079488,25.850950865179556,0.1,2massh,inf,0.0
765,44255.78879079488,28.370667833326326,0.1,ps1__z,inf,0.0
766,44255.78879079488,30.648784159993046,0.1,ps1__r,inf,0.0
767,44255.78879079488,34.857173471013034,0.1,ps1__g,inf,0.0
768,44255.88879079488,37.12991877160999,0.1,sdssu,inf,0.0
769,44255.88879079488,34.95726308002642,0.1,ps1__g,inf,0.0
770,44255.88879079488,28.314686351798567,0.1,ps1__z,inf,0.0
771,44255.88879079488,25.957047778574502,0.1,2massh,inf,0.0
772,44255.88879079488,30.66187109898873,0.1,ps1__r,inf,0.0
773,44255.88879079488,28.89432576934622,0.1,ps1__i,inf,0.0
774,44255.98879079488,28.323395768856624,0.1,ps1__z,inf,0.0
775,44255.98879079488,26.028758186060745,0.1,2massh,inf,0.0
776,44255.98879079488,30.679577122789812,0.1,ps1__r,inf,0.0
777,44255.98879079488,34.99710174063443,0.1,ps1__g,inf,0.0
778,44255.98879079488,28.808760572706035,0.1,ps1__i,inf,0.0
779,44255.98879079488,37.00627321782823,0.1,sdssu,inf,0.0
780,44256.08879079488,34.843725789847404,0.1,ps1__g,inf,0.0
781,44256.08879079488,26.06135860500122,0.1,2massh,inf,0.0
782,44256.08879079488,30.635518656323857,0.1,ps1__r,inf,0.0
783,44256.08879079488,28.893589460196647,0.1,ps1__i,inf,0.0
784,44256.08879079488,28.452010933599137,0.1,ps1__z,inf,0.0
785,44256.08879079488,37.01112426139801,0.1,sdssu,inf,0.0
786,44256.18879079488,37.315946329269835,0.1,sdssu,inf,0.0
787,44256.18879079488,30.560824567580788,0.1,ps1__r,inf,0.0
788,44256.18879079488,26.100858212043335,0.1,2massh,inf,0.0
789,44256.18879079488,35.18719559784571,0.1,ps1__g,inf,0.0
790,44256.18879079488,28.365431964570146,0.1,ps1__z,inf,0.0
791,44256.18879079488,28.680330226816306,0.1,ps1__i,inf,0.0
792,44256.28879079488,28.531855127287972,0.1,ps1__z,inf,0.0
793,44256.28879079488,34.94157091477549,0.1,ps1__g,inf,0.0
794,44256.28879079488,37.02336690193458,0.1,sdssu,inf,0.0
795,44256.28879079488,30.723906745528737,0.1,ps1__r,inf,0.0
796,44256.28879079488,28.824914182340827,0.1,ps1__i,inf,0.0
797,44256.28879079488,26.25385247872325,0.1,2massh,inf,0.0
798,44256.38879079488,28.743989832691437,0.1,ps1__i,inf,0.0
799,44256.38879079488,30.650106948532436,0.1,ps1__r,inf,0.0
800,44256.38879079488,37.01092231563932,0.1,sdssu,inf,0.0
801,44256.38879079488,35.39927445227043,0.1,ps1__g,inf,0.0
802,44256.38879079488,28.35059187540385,0.1,ps1__z,inf,0.0
803,44256.38879079488,26.171559023173888,0.1,2massh,inf,0.0
804,44256.48879079488,26.134458551941567,0.1,2massh,inf,0.0
805,44256.48879079488,28.79916758862644,0.1,ps1__i,inf,0.0
806,44256.48879079488,30.89151025376445,0.1,ps1__r,inf,0.0
807,44256.48879079488,28.66090258049555,0.1,ps1__z,inf,0.0
808,44256.48879079488,35.052235848042926,0.1,ps1__g,inf,0.0
809,44256.48879079488,37.300702214938916,0.1,sdssu,inf,0.0
810,44256.58879079488,37.25347417210362,0.1,sdssu,inf,0.0
811,44256.58879079488,26.28795155474761,0.1,2massh,inf,0.0
812,44256.58879079488,28.645405795102835,0.1,ps1__z,inf,0.0
813,44256.58879079488,30.783327407232058,0.1,ps1__r,inf,0.0
814,44256.58879079488,35.439061081361835,0.1,ps1__g,inf,0.0
815,44256.58879079488,28.920859173269466,0.1,ps1__i,inf,0.0
816,44256.68879079488,37.240315160518364,0.1,sdssu,inf,0.0
817,44256.68879079488,26.33744041687458,0.1,2massh,inf,0.0
818,44256.68879079488,30.75668513112917,0.1,ps1__r,inf,0.0
819,44256.68879079488,35.19826180014545,0.1,ps1__g,inf,0.0
820,44256.68879079488,28.647785804736472,0.1,ps1__z,inf,0.0
821,44256.68879079488,28.803547718556608,0.1,ps1__i,inf,0.0
822,44256.78879079488,26.122508432073186,0.1,2massh,inf,0.0
823,44256.78879079488,28.743996188740745,0.1,ps1__z,inf,0.0
824,44256.78879079488,28.888315614041087,0.1,ps1__i,inf,0.0
825,44256.78879079488,37.45866852358496,0.1,sdssu,inf,0.0
826,44256.78879079488,35.3049182771891,0.1,ps1__g,inf,0.0
827,44256.78879079488,30.849433397831305,0.1,ps1__r,inf,0.0
828,44256.88879079488,37.464442968996124,0.1,sdssu,inf,0.0
829,44256.88879079488,29.044918449068895,0.1,ps1__i,inf,0.0
830,44256.88879079488,35.42880829487274,0.1,ps1__g,inf,0.0
831,44256.88879079488,30.962337712604988,0.1,ps1__r,inf,0.0
832,44256.88879079488,26.33972086475657,0.1,2massh,inf,0.0
833,44256.88879079488,28.84009699652107,0.1,ps1__z,inf,0.0
834,44256.98879079488,26.38504007646711,0.1,2massh,inf,0.0
835,44256.98879079488,28.804195438966786,0.1,ps1__z,inf,0.0
836,44256.98879079488,37.456652304429625,0.1,sdssu,inf,0.0
837,44256.98879079488,28.96745794501314,0.1,ps1__i,inf,0.0
838,44256.98879079488,30.829295291228508,0.1,ps1__r,inf,0.0
839,44256.98879079488,35.342102571622895,0.1,ps1__g,inf,0.0
840,44257.08879079488,30.866909312384077,0.1,ps1__r,inf,0.0
841,44257.08879079488,28.54921001450071,0.1,ps1__z,inf,0.0
842,44257.08879079488,29.11597339669029,0.1,ps1__i,inf,0.0
843,44257.08879079488,37.40024886841449,0.1,sdssu,inf,0.0
844,44257.08879079488,26.31874914021533,0.1,2massh,inf,0.0
845,44257.08879079488,35.56427921246722,0.1,ps1__g,inf,0.0
846,44257.18879079488,37.668464551816825,0.1,sdssu,inf,0.0
847,44257.18879079488,28.920338949824348,0.1,ps1__i,inf,0.0
848,44257.18879079488,30.99497603621912,0.1,ps1__r,inf,0.0
849,44257.18879079488,35.78821727904408,0.1,ps1__g,inf,0.0
850,44257.18879079488,28.63676454169321,0.1,ps1__z,inf,0.0
851,44257.18879079488,26.51838848537001,0.1,2massh,inf,0.0
852,44257.28879079488,29.100868991323885,0.1,ps1__i,inf,0.0
853,44257.28879079488,31.039313685746578,0.1,ps1__r,inf,0.0
854,44257.28879079488,37.66593550694972,0.1,sdssu,inf,0.0
855,44257.28879079488,28.73458568772311,0.1,ps1__z,inf,0.0
856,44257.28879079488,35.4968504501765,0.1,ps1__g,inf,0.0
857,44257.28879079488,26.392852350160915,0.1,2massh,inf,0.0
858,44257.38879079488,28.83247513140045,0.1,ps1__z,inf,0.0
859,44257.38879079488,29.232928401969126,0.1,ps1__i,inf,0.0
860,44257.38879079488,30.987080024198892,0.1,ps1__r,inf,0.0
861,44257.38879079488,37.62149463234942,0.1,sdssu,inf,0.0
862,44257.38879079488,26.4439866920316,0.1,2massh,inf,0.0
863,44257.38879079488,35.68553445480257,0.1,ps1__g,inf,0.0
864,44257.48879079488,35.72521785790094,0.1,ps1__g,inf,0.0
865,44257.48879079488,31.04130295003312,0.1,ps1__r,inf,0.0
866,44257.48879079488,28.910035717124767,0.1,ps1__z,inf,0.0
867,44257.48879079488,28.870084016642114,0.1,ps1__i,inf,0.0
868,44257.48879079488,37.842033394655836,0.1,sdssu,inf,0.0
869,44257.48879079488,26.44076297067615,0.1,2massh,inf,0.0
870,44257.58879079488,31.13919316761148,0.1,ps1__r,inf,0.0
871,44257.58879079488,28.810283620312266,0.1,ps1__z,inf,0.0
872,44257.58879079488,26.485049740452663,0.1,2massh,inf,0.0
873,44257.58879079488,29.06299831618213,0.1,ps1__i,inf,0.0
874,44257.58879079488,35.89821068555698,0.1,ps1__g,inf,0.0
875,44257.58879079488,37.582561067358924,0.1,sdssu,inf,0.0
876,44257.68879079488,26.40189285959208,0.1,2massh,inf,0.0
877,44257.68879079488,37.58386229920359,0.1,sdssu,inf,0.0
878,44257.68879079488,35.80036308139124,0.1,ps1__g,inf,0.0
879,44257.68879079488,29.21451613339704,0.1,ps1__i,inf,0.0
880,44257.68879079488,28.93529562559166,0.1,ps1__z,inf,0.0
881,44257.68879079488,30.98486247586208,0.1,ps1__r,inf,0.0
882,44257.78879079488,26.403519234257224,0.1,2massh,inf,0.0
883,44257.78879079488,35.792908366553505,0.1,ps1__g,inf,0.0
884,44257.78879079488,31.041957795597337,0.1,ps1__r,inf,0.0
885,44257.78879079488,37.70765338879365,0.1,sdssu,inf,0.0
886,44257.78879079488,28.887154430385344,0.1,ps1__z,inf,0.0
887,44257.78879079488,29.14356550220508,0.1,ps1__i,inf,0.0
888,44257.88879079488,29.250938666024982,0.1,ps1__i,inf,0.0
889,44257.88879079488,31.113758447303283,0.1,ps1__r,inf,0.0
890,44257.88879079488,28.940174109552427,0.1,ps1__z,inf,0.0
891,44257.88879079488,36.04657074825623,0.1,ps1__g,inf,0.0
892,44257.88879079488,26.740616899875654,0.1,2massh,inf,0.0
893,44257.88879079488,37.83657077952811,0.1,sdssu,inf,0.0
894,44257.98879079488,26.531043259734215,0.1,2massh,inf,0.0
895,44257.98879079488,31.23855881727876,0.1,ps1__r,inf,0.0
896,44257.98879079488,28.883550150969278,0.1,ps1__z,inf,0.0
897,44257.98879079488,35.96099469070123,0.1,ps1__g,inf,0.0
898,44257.98879079488,29.173830012635868,0.1,ps1__i,inf,0.0
899,44257.98879079488,37.890780376472684,0.1,sdssu,inf,0.0
900,44258.08879079488,29.32429177264305,0.1,ps1__i,inf,0.0
901,44258.08879079488,37.886156746419246,0.1,sdssu,inf,0.0
902,44258.08879079488,28.95923411593207,0.1,ps1__z,inf,0.0
903,44258.08879079488,31.286039964179498,0.1,ps1__r,inf,0.0
904,44258.08879079488,26.54888845257127,0.1,2massh,inf,0.0
905,44258.08879079488,36.07519949527829,0.1,ps1__g,inf,0.0
906,44258.18879079488,29.318761567190503,0.1,ps1__i,inf,0.0
907,44258.18879079488,31.44156455359206,0.1,ps1__r,inf,0.0
908,44258.18879079488,37.967067237261496,0.1,sdssu,inf,0.0
909,44258.18879079488,28.957177704698132,0.1,ps1__z,inf,0.0
910,44258.18879079488,26.46710482376386,0.1,2massh,inf,0.0
911,44258.18879079488,36.05463375554556,0.1,ps1__g,inf,0.0
912,44258.28879079488,29.53560568464552,0.1,ps1__i,inf,0.0
913,44258.28879079488,37.854939909319945,0.1,sdssu,inf,0.0
914,44258.28879079488,31.354370069628704,0.1,ps1__r,inf,0.0
915,44258.28879079488,26.651142344957606,0.1,2massh,inf,0.0
916,44258.28879079488,29.034152694276486,0.1,ps1__z,inf,0.0
917,44258.28879079488,36.16855364444594,0.1,ps1__g,inf,0.0
918,44258.38879079488,29.40658240314072,0.1,ps1__i,inf,0.0
919,44258.38879079488,36.34773850909373,0.1,ps1__g,inf,0.0
920,44258.38879079488,26.604684297897855,0.1,2massh,inf,0.0
921,44258.38879079488,38.15242731080908,0.1,sdssu,inf,0.0
922,44258.38879079488,31.35816480693472,0.1,ps1__r,inf,0.0
923,44258.38879079488,29.2638246326066,0.1,ps1__z,inf,0.0
924,44258.48879079488,36.48390361543897,0.1,ps1__g,inf,0.0
925,44258.48879079488,31.43173261984613,0.1,ps1__r,inf,0.0
926,44258.48879079488,38.061220389462065,0.1,sdssu,inf,0.0
927,44258.48879079488,29.462646402533018,0.1,ps1__i,inf,0.0
928,44258.48879079488,26.923149550764283,0.1,2massh,inf,0.0
929,44258.48879079488,29.09237710858177,0.1,ps1__z,inf,0.0
930,44258.58879079488,36.31952107687632,0.1,ps1__g,inf,0.0
931,44258.58879079488,29.306467877783486,0.1,ps1__i,inf,0.0
932,44258.58879079488,26.882114206450943,0.1,2massh,inf,0.0
933,44258.58879079488,31.387358255072662,0.1,ps1__r,inf,0.0
934,44258.58879079488,38.19073630926719,0.1,sdssu,inf,0.0
935,44258.58879079488,29.47638061069753,0.1,ps1__z,inf,0.0
936,44258.68879079488,38.144093835467885,0.1,sdssu,inf,0.0
937,44258.68879079488,31.503521973551276,0.1,ps1__r,inf,0.0
938,44258.68879079488,26.731956820825488,0.1,2massh,inf,0.0
939,44258.68879079488,29.412318447414847,0.1,ps1__i,inf,0.0
940,44258.68879079488,29.289514070502154,0.1,ps1__z,inf,0.0
941,44258.68879079488,36.75128123504181,0.1,ps1__g,inf,0.0
942,44258.78879079488,38.178446812810705,0.1,sdssu,inf,0.0
943,44258.78879079488,27.049387807104317,0.1,2massh,inf,0.0
944,44258.78879079488,29.38927807250657,0.1,ps1__i,inf,0.0
945,44258.78879079488,31.508764077066296,0.1,ps1__r,inf,0.0
946,44258.78879079488,36.507897352401855,0.1,ps1__g,inf,0.0
947,44258.78879079488,29.290124519084245,0.1,ps1__z,inf,0.0
948,44258.88879079488,31.53988915260897,0.1,ps1__r,inf,0.0
949,44258.88879079488,26.944509147236385,0.1,2massh,inf,0.0
950,44258.88879079488,36.3879476168748,0.1,ps1__g,inf,0.0
951,44258.88879079488,29.218863840874516,0.1,ps1__z,inf,0.0
952,44258.88879079488,29.533033008512675,0.1,ps1__i,inf,0.0
953,44258.88879079488,38.25241757981199,0.1,sdssu,inf,0.0
954,44258.98879079488,31.502792977188463,0.1,ps1__r,inf,0.0
955,44258.98879079488,29.406748533975342,0.1,ps1__z,inf,0.0
956,44258.98879079488,29.43412385020949,0.1,ps1__i,inf,0.0
957,44258.98879079488,38.28650874500299,0.1,sdssu,inf,0.0
958,44258.98879079488,26.84328192488644,0.1,2massh,inf,0.0
959,44258.98879079488,36.520542246583645,0.1,ps1__g,inf,0.0
960,44259.08879079488,38.395355562500946,0.1,sdssu,inf,0.0
961,44259.08879079488,31.67880630271784,0.1,ps1__r,inf,0.0
962,44259.08879079488,29.524238453259773,0.1,ps1__i,inf,0.0
963,44259.08879079488,29.313022492709337,0.1,ps1__z,inf,0.0
964,44259.08879079488,26.65602095964055,0.1,2massh,inf,0.0
965,44259.08879079488,36.34674563046001,0.1,ps1__g,inf,0.0
966,44259.18879079488,38.471346571486116,0.1,sdssu,inf,0.0
967,44259.18879079488,27.167756751286344,0.1,2massh,inf,0.0
968,44259.18879079488,31.828723547402497,0.1,ps1__r,inf,0.0
969,44259.18879079488,29.41736809725704,0.1,ps1__z,inf,0.0
970,44259.18879079488,29.72344236339923,0.1,ps1__i,inf,0.0
971,44259.18879079488,36.58736989084873,0.1,ps1__g,inf,0.0
972,44259.28879079488,29.698126513086457,0.1,ps1__z,inf,0.0
973,44259.28879079488,26.830825678892868,0.1,2massh,inf,0.0
974,44259.28879079488,31.68728478420434,0.1,ps1__r,inf,0.0
975,44259.28879079488,36.82724912648902,0.1,ps1__g,inf,0.0
976,44259.28879079488,38.39352701387294,0.1,sdssu,inf,0.0
977,44259.28879079488,29.722549643024777,0.1,ps1__i,inf,0.0
978,44259.38879079488,38.485576600603196,0.1,sdssu,inf,0.0
979,44259.38879079488,26.83191667828211,0.1,2massh,inf,0.0
980,44259.38879079488,29.62989728756613,0.1,ps1__i,inf,0.0
981,44259.38879079488,31.77760824673592,0.1,ps1__r,inf,0.0
982,44259.38879079488,36.65669539112394,0.1,ps1__g,inf,0.0
983,44259.38879079488,29.464594230708173,0.1,ps1__z,inf,0.0
984,44259.48879079488,36.89565661084914,0.1,ps1__g,inf,0.0
985,44259.48879079488,31.840642709914167,0.1,ps1__r,inf,0.0
986,44259.48879079488,29.617211416946255,0.1,ps1__z,inf,0.0
987,44259.48879079488,29.810925296427197,0.1,ps1__i,inf,0.0
988,44259.48879079488,27.122988102516654,0.1,2massh,inf,0.0
989,44259.48879079488,38.475420681784925,0.1,sdssu,inf,0.0
990,44259.58879079488,36.92198304936121,0.1,ps1__g,inf,0.0
991,44259.58879079488,27.289375950761425,0.1,2massh,inf,0.0
992,44259.58879079488,29.460755262499212,0.1,ps1__z,inf,0.0
993,44259.58879079488,29.71255366018359,0.1,ps1__i,inf,0.0
994,44259.58879079488,31.7589535084804,0.1,ps1__r,inf,0.0
995,44259.58879079488,38.69073481242816,0.1,sdssu,inf,0.0
996,44259.68879079488,29.521950042257778,0.1,ps1__i,inf,0.0
997,44259.68879079488,31.866521813112122,0.1,ps1__r,inf,0.0
998,44259.68879079488,29.55726448594617,0.1,ps1__z,inf,0.0
999,44259.68879079488,27.20920563952561,0.1,2massh,inf,0.0
1000,44259.68879079488,38.48084387125633,0.1,sdssu,inf,0.0
1001,44259.68879079488,36.945278628003905,0.1,ps1__g,inf,0.0
1002,44259.78879079488,27.153054987103925,0.1,2massh,inf,0.0
1003,44259.78879079488,37.14783614127296,0.1,ps1__g,inf,0.0
1004,44259.78879079488,29.623837334378265,0.1,ps1__i,inf,0.0
1005,44259.78879079488,31.86652894392256,0.1,ps1__r,inf,0.0
1006,44259.78879079488,29.769365884322674,0.1,ps1__z,inf,0.0
1007,44259.78879079488,38.767945706956134,0.1,sdssu,inf,0.0
1008,44259.88879079488,29.560389996030658,0.1,ps1__z,inf,0.0
1009,44259.88879079488,38.607035729762494,0.1,sdssu,inf,0.0
1010,44259.88879079488,36.81581396856069,0.1,ps1__g,inf,0.0
1011,44259.88879079488,31.91825248830526,0.1,ps1__r,inf,0.0
1012,44259.88879079488,27.182888343012646,0.1,2massh,inf,0.0
1013,44259.88879079488,29.520242637033384,0.1,ps1__i,inf,0.0
1014,44259.98879079488,27.23177443130797,0.1,2massh,inf,0.0
1015,44259.98879079488,38.50342687396269,0.1,sdssu,inf,0.0
1016,44259.98879079488,29.840696278409393,0.1,ps1__z,inf,0.0
1017,44259.98879079488,31.854395200212767,0.1,ps1__r,inf,0.0
1018,44259.98879079488,36.819309260433,0.1,ps1__g,inf,0.0
1019,44259.98879079488,29.75671484689931,0.1,ps1__i,inf,0.0
1020,44260.08879079488,27.243152922912195,0.1,2massh,inf,0.0
1021,44260.08879079488,38.67340929095894,0.1,sdssu,inf,0.0
1022,44260.08879079488,29.88296808265518,0.1,ps1__i,inf,0.0
1023,44260.08879079488,31.978673965061642,0.1,ps1__r,inf,0.0
1024,44260.08879079488,36.69359928083891,0.1,ps1__g,inf,0.0
1025,44260.08879079488,29.782742840103012,0.1,ps1__z,inf,0.0
1026,44260.18879079488,36.75908221846983,0.1,ps1__g,inf,0.0
1027,44260.18879079488,30.117014728358466,0.1,ps1__i,inf,0.0
1028,44260.18879079488,27.215585740658565,0.1,2massh,inf,0.0
1029,44260.18879079488,38.620546320136896,0.1,sdssu,inf,0.0
1030,44260.18879079488,32.04768742917334,0.1,ps1__r,inf,0.0
1031,44260.18879079488,29.70672990143447,0.1,ps1__z,inf,0.0
1032,44260.28879079488,27.22380916440222,0.1,2massh,inf,0.0
1033,44260.28879079488,32.18023125756797,0.1,ps1__r,inf,0.0
1034,44260.28879079488,29.895702638916095,0.1,ps1__i,inf,0.0
1035,44260.28879079488,36.867995386398796,0.1,ps1__g,inf,0.0
1036,44260.28879079488,29.844143507111013,0.1,ps1__z,inf,0.0
1037,44260.28879079488,38.81722244276246,0.1,sdssu,inf,0.0
1038,44260.38879079488,29.80158302722875,0.1,ps1__i,inf,0.0
1039,44260.38879079488,37.069421144963194,0.1,ps1__g,inf,0.0
1040,44260.38879079488,29.898765852701647,0.1,ps1__z,inf,0.0
1041,44260.38879079488,38.730618225410865,0.1,sdssu,inf,0.0
1042,44260.38879079488,27.231474120002414,0.1,2massh,inf,0.0
1043,44260.38879079488,32.10407603517598,0.1,ps1__r,inf,0.0
1044,44260.48879079488,29.897613102421946,0.1,ps1__z,inf,0.0
1045,44260.48879079488,27.186938662111462,0.1,2massh,inf,0.0
1046,44260.48879079488,38.77524718089907,0.1,sdssu,inf,0.0
1047,44260.48879079488,37.01768176282645,0.1,ps1__g,inf,0.0
1048,44260.48879079488,29.946332484246522,0.1,ps1__i,inf,0.0
1049,44260.48879079488,32.301866969324124,0.1,ps1__r,inf,0.0
1050,44260.58879079488,29.715013275245273,0.1,ps1__z,inf,0.0
1051,44260.58879079488,31.966832126117307,0.1,ps1__r,inf,0.0
1052,44260.58879079488,37.126376798203864,0.1,ps1__g,inf,0.0
1053,44260.58879079488,29.768530900226786,0.1,ps1__i,inf,0.0
1054,44260.58879079488,38.67665820401906,0.1,sdssu,inf,0.0
1055,44260.58879079488,27.258869301517215,0.1,2massh,inf,0.0
1056,44260.68879079488,32.17104383646538,0.1,ps1__r,inf,0.0
1057,44260.68879079488,37.12287609619156,0.1,ps1__g,inf,0.0
1058,44260.68879079488,29.955252050689083,0.1,ps1__i,inf,0.0
1059,44260.68879079488,38.85677711503348,0.1,sdssu,inf,0.0
1060,44260.68879079488,29.827201006656914,0.1,ps1__z,inf,0.0
1061,44260.68879079488,27.138004791151214,0.1,2massh,inf,0.0
1062,44260.78879079488,38.72143884105732,0.1,sdssu,inf,0.0
1063,44260.78879079488,32.05404990555294,0.1,ps1__r,inf,0.0
1064,44260.78879079488,37.41954194138446,0.1,ps1__g,inf,0.0
1065,44260.78879079488,27.31735723170416,0.1,2massh,inf,0.0
1066,44260.78879079488,29.98789652376105,0.1,ps1__i,inf,0.0
1067,44260.78879079488,29.906195858671737,0.1,ps1__z,inf,0.0
1068,44260.88879079488,29.7757369378291,0.1,ps1__i,inf,0.0
1069,44260.88879079488,38.821256583931614,0.1,sdssu,inf,0.0
1070,44260.88879079488,37.23473284497972,0.1,ps1__g,inf,0.0
1071,44260.88879079488,32.36748298915955,0.1,ps1__r,inf,0.0
1072,44260.88879079488,29.952434442736045,0.1,ps1__z,inf,0.0
1073,44260.88879079488,27.250700553227226,0.1,2massh,inf,0.0
1074,44260.98879079488,30.052133279659827,0.1,ps1__z,inf,0.0
1075,44260.98879079488,39.07270470733367,0.1,sdssu,inf,0.0
1076,44260.98879079488,37.599181249916874,0.1,ps1__g,inf,0.0
1077,44260.98879079488,32.04610400862791,0.1,ps1__r,inf,0.0
1078,44260.98879079488,30.096490550173936,0.1,ps1__i,inf,0.0
1079,44260.98879079488,27.261174756869156,0.1,2massh,inf,0.0
1080,44261.08879079488,30.05916896513047,0.1,ps1__i,inf,0.0
1081,44261.08879079488,37.42053788948293,0.1,ps1__g,inf,0.0
1082,44261.08879079488,27.40472244003756,0.1,2massh,inf,0.0
1083,44261.08879079488,39.080503856746944,0.1,sdssu,inf,0.0
1084,44261.08879079488,32.03737368605735,0.1,ps1__r,inf,0.0
1085,44261.08879079488,30.041551612123314,0.1,ps1__z,inf,0.0
1086,44261.18879079488,37.35836576789854,0.1,ps1__g,inf,0.0
1087,44261.18879079488,39.06355456726493,0.1,sdssu,inf,0.0
1088,44261.18879079488,30.085773354411625,0.1,ps1__i,inf,0.0
1089,44261.18879079488,27.538144294519267,0.1,2massh,inf,0.0
1090,44261.18879079488,31.99775522877425,0.1,ps1__r,inf,0.0
1091,44261.18879079488,29.926379808647734,0.1,ps1__z,inf,0.0
1092,44261.28879079488,30.130990182663826,0.1,ps1__z,inf,0.0
1093,44261.28879079488,37.34977459043872,0.1,ps1__g,inf,0.0
1094,44261.28879079488,30.218443356971857,0.1,ps1__i,inf,0.0
1095,44261.28879079488,27.51436045169336,0.1,2massh,inf,0.0
1096,44261.28879079488,38.97429792133371,0.1,sdssu,inf,0.0
1097,44261.28879079488,31.89860382422127,0.1,ps1__r,inf,0.0
1098,44261.38879079488,37.575090495920286,0.1,ps1__g,inf,0.0
1099,44261.38879079488,30.3813561372588,0.1,ps1__i,inf,0.0
1100,44261.38879079488,27.297551327586888,0.1,2massh,inf,0.0
1101,44261.38879079488,32.09535202892485,0.1,ps1__r,inf,0.0
1102,44261.38879079488,39.14380148240431,0.1,sdssu,inf,0.0
1103,44261.38879079488,30.18676266766144,0.1,ps1__z,inf,0.0
1104,44261.48879079488,32.10042857447942,0.1,ps1__r,inf,0.0
1105,44261.48879079488,30.19722268911156,0.1,ps1__i,inf,0.0
1106,44261.48879079488,30.214593242373056,0.1,ps1__z,inf,0.0
1107,44261.48879079488,37.58185228025353,0.1,ps1__g,inf,0.0
1108,44261.48879079488,27.381624277612683,0.1,2massh,inf,0.0
1109,44261.48879079488,39.19813216845581,0.1,sdssu,inf,0.0
1110,44261.58879079488,39.090089637144004,0.1,sdssu,inf,0.0
1111,44261.58879079488,32.300032083786874,0.1,ps1__r,inf,0.0
1112,44261.58879079488,27.593131126385682,0.1,2massh,inf,0.0
1113,44261.58879079488,30.22784800861377,0.1,ps1__i,inf,0.0
1114,44261.58879079488,30.297567884635168,0.1,ps1__z,inf,0.0
1115,44261.58879079488,37.66671748948109,0.1,ps1__g,inf,0.0
1116,44261.68879079488,27.419902778907407,0.1,2massh,inf,0.0
1117,44261.68879079488,30.19038522387319,0.1,ps1__i,inf,0.0
1118,44261.68879079488,39.37966669936697,0.1,sdssu,inf,0.0
1119,44261.68879079488,32.33380927465729,0.1,ps1__r,inf,0.0
1120,44261.68879079488,30.304327191075156,0.1,ps1__z,inf,0.0
1121,44261.68879079488,37.692955721051085,0.1,ps1__g,inf,0.0
1122,44261.78879079488,27.517188390980348,0.1,2massh,inf,0.0
1123,44261.78879079488,39.36616563672738,0.1,sdssu,inf,0.0
1124,44261.78879079488,30.29842276741739,0.1,ps1__z,inf,0.0
1125,44261.78879079488,32.5073696471981,0.1,ps1__r,inf,0.0
1126,44261.78879079488,37.683302514217104,0.1,ps1__g,inf,0.0
1127,44261.78879079488,30.17656678272342,0.1,ps1__i,inf,0.0
1128,44261.88879079488,32.445195907842745,0.1,ps1__r,inf,0.0
1129,44261.88879079488,30.273582364651414,0.1,ps1__z,inf,0.0
1130,44261.88879079488,27.61591501623623,0.1,2massh,inf,0.0
1131,44261.88879079488,39.307025313038075,0.1,sdssu,inf,0.0
1132,44261.88879079488,30.437479348501338,0.1,ps1__i,inf,0.0
1133,44261.88879079488,37.745705993889764,0.1,ps1__g,inf,0.0
1134,44261.98879079488,37.63691053824101,0.1,ps1__g,inf,0.0
1135,44261.98879079488,27.484441361546832,0.1,2massh,inf,0.0
1136,44261.98879079488,32.3315012285053,0.1,ps1__r,inf,0.0
1137,44261.98879079488,39.335280462969436,0.1,sdssu,inf,0.0
1138,44261.98879079488,30.179726443750365,0.1,ps1__i,inf,0.0
1139,44261.98879079488,30.130825115266944,0.1,ps1__z,inf,0.0
1140,44262.08879079488,30.360375748354443,0.1,ps1__z,inf,0.0
1141,44262.08879079488,32.274846522116654,0.1,ps1__r,inf,0.0
1142,44262.08879079488,27.611714054926203,0.1,2massh,inf,0.0
1143,44262.08879079488,39.40576903947673,0.1,sdssu,inf,0.0
1144,44262.08879079488,30.365532283641155,0.1,ps1__i,inf,0.0
1145,44262.08879079488,37.81565042656506,0.1,ps1__g,inf,0.0
1146,44262.18879079488,37.86214164054202,0.1,ps1__g,inf,0.0
1147,44262.18879079488,27.488648500456144,0.1,2massh,inf,0.0
1148,44262.18879079488,32.583813192877855,0.1,ps1__r,inf,0.0
1149,44262.18879079488,39.18771122895429,0.1,sdssu,inf,0.0
1150,44262.18879079488,30.266376559007448,0.1,ps1__i,inf,0.0
1151,44262.18879079488,30.381458599229944,0.1,ps1__z,inf,0.0
1152,44262.28879079488,37.82762973731814,0.1,ps1__g,inf,0.0
1153,44262.28879079488,27.58228289654118,0.1,2massh,inf,0.0
1154,44262.28879079488,30.37974269017255,0.1,ps1__i,inf,0.0
1155,44262.28879079488,32.38833414777376,0.1,ps1__r,inf,0.0
1156,44262.28879079488,30.43228439288394,0.1,ps1__z,inf,0.0
1157,44262.28879079488,39.474276912698116,0.1,sdssu,inf,0.0
1158,44262.38879079488,27.7020829751454,0.1,2massh,inf,0.0
1159,44262.38879079488,32.840792668866115,0.1,ps1__r,inf,0.0
1160,44262.38879079488,30.312715567715347,0.1,ps1__z,inf,0.0
1161,44262.38879079488,39.42197098160219,0.1,sdssu,inf,0.0
1162,44262.38879079488,30.34245080756921,0.1,ps1__i,inf,0.0
1163,44262.38879079488,37.75757077053762,0.1,ps1__g,inf,0.0
1164,44262.48879079488,39.4357622675004,0.1,sdssu,inf,0.0
1165,44262.48879079488,38.07888821297215,0.1,ps1__g,inf,0.0
1166,44262.48879079488,27.538490529172826,0.1,2massh,inf,0.0
1167,44262.48879079488,30.36905682233305,0.1,ps1__z,inf,0.0
1168,44262.48879079488,32.80161115321094,0.1,ps1__r,inf,0.0
1169,44262.48879079488,30.46701271227563,0.1,ps1__i,inf,0.0
1170,44262.58879079488,27.76598764839413,0.1,2massh,inf,0.0
1171,44262.58879079488,38.14792536263006,0.1,ps1__g,inf,0.0
1172,44262.58879079488,30.619421631936397,0.1,ps1__z,inf,0.0
1173,44262.58879079488,32.73105742554515,0.1,ps1__r,inf,0.0
1174,44262.58879079488,30.32417628493397,0.1,ps1__i,inf,0.0
1175,44262.58879079488,39.55857017333654,0.1,sdssu,inf,0.0
1176,44262.68879079488,38.281989727264346,0.1,ps1__g,inf,0.0
1177,44262.68879079488,32.614042676317126,0.1,ps1__r,inf,0.0
1178,44262.68879079488,30.440345163522142,0.1,ps1__i,inf,0.0
1179,44262.68879079488,30.549535559160756,0.1,ps1__z,inf,0.0
1180,44262.68879079488,39.84085475879947,0.1,sdssu,inf,0.0
1181,44262.68879079488,27.74381396832601,0.1,2massh,inf,0.0
1182,44262.78879079488,32.99111881936427,0.1,ps1__r,inf,0.0
1183,44262.78879079488,30.371360154588537,0.1,ps1__i,inf,0.0
1184,44262.78879079488,27.82280505932393,0.1,2massh,inf,0.0
1185,44262.78879079488,38.337256687474245,0.1,ps1__g,inf,0.0
1186,44262.78879079488,30.636703407593487,0.1,ps1__z,inf,0.0
1187,44262.78879079488,39.72860777113979,0.1,sdssu,inf,0.0
1188,44262.88879079488,32.8662301995791,0.1,ps1__r,inf,0.0
1189,44262.88879079488,30.507095918220543,0.1,ps1__i,inf,0.0
1190,44262.88879079488,27.81124194434159,0.1,2massh,inf,0.0
1191,44262.88879079488,38.49695226519433,0.1,ps1__g,inf,0.0
1192,44262.88879079488,30.586113635095376,0.1,ps1__z,inf,0.0
1193,44262.88879079488,39.615549174162155,0.1,sdssu,inf,0.0
1194,44262.98879079488,30.591863465653255,0.1,ps1__i,inf,0.0
1195,44262.98879079488,30.61420603678394,0.1,ps1__z,inf,0.0
1196,44262.98879079488,33.043246798370426,0.1,ps1__r,inf,0.0
1197,44262.98879079488,38.320602226065155,0.1,ps1__g,inf,0.0
1198,44262.98879079488,39.74464777061238,0.1,sdssu,inf,0.0
1199,44262.98879079488,27.950206022463714,0.1,2massh,inf,0.0
